represent,0.5234521841046171
code,0.2674814395087435
results,0.2690618708088374
010,0.23081802458744172
011,0.23081802458744172
exponent diff,0.6338458005206009
saved,0.2547738858101384
not-a-number,0.5691532690162922
supposedly,0.31324120975502023
calculate,0.3602726736280384
demonstrate,0.5404288766111949
square-root algorithm,0.6338458005206009
clk_i,0.5961076007846285
919,0.31324120975502023
7392,0.31324120975502023
include,0.2513405359293791
worth,0.45467440527027697
uninitialized,0.3699338551495447
division,0.5289883873329738
fond,0.45467440527027697
string,0.4132127409660855
0.0011,0.31324120975502023
0.0010,0.31324120975502023
differently,0.28089154603879446
choice,0.38447200279646526
every,0.00481067320864802
"vhdl code,",0.5555171344354217
10-45,0.31324120975502023
exact,0.3606816233653768
four,0.26334629770175794
internally,0.30075776070398097
signal name,0.5829121465271605
presented,0.27729972042103884
cause,0.31379024378036885
solution,0.3415022156567903
leave,0.39292719872536125
detected,0.3524596713433769
altera quartus ii v.5,1.0
small,0.045077123041910715
round,0.639856328840252
11111111,0.5611689412965354
smaller,0.2722530103567501
vhdl,0.5016120733972274
za,0.6672519898665071
zb,0.6672519898665071
sign,0.5000107555490964
zero,0.566044635882776
cost,0.48397719185985316
maximum value,0.4138055417830839
implemented,0.3386838499137761
even,0.356247677621879
base number,0.6338458005206009
clock,0.4433366758754659
giving,0.3386171431791528
-27,0.5961076007846285
current,0.045077123041910715
save logic,0.6338458005206009
point unit,0.4418056740737536
fractional,0.21396299810569142
exponent range,0.6338458005206009
ever,0.2619682058539572
single precision,0.20785907951020324
output_o,0.5961076007846285
iep1c6q240c6,0.6672519898665071
snan string otherwise,0.22402522074455955
fmax,0.749115042760467
compilation,0.5506902789155957
12.1019,0.31324120975502023
commercial,0.2547738858101384
result precision,0.6338458005206009
modular,0.29431786957018297
operating,0.12831708068681028
underflow exception,0.710819828423804
excess,0.39292719872536125
represented,0.39371335114196954
100,0.3459100098781173
101,0.32424149773691757
placeholder,0.45467440527027697
implicit,0.39292719872536125
digits,0.23081802458744172
sign bit,0.2628866145369009
11000,0.28089154603879446
copyright,0.2836543389291224
institute,0.4010827212014046
32,0.1862193185229517
left-shift,0.5961076007846285
larger,0.17647908641452484
allows,0.0901257685886605
36,0.1714807501656721
35,0.267465222507406
34,0.2585688370008367
amount,0.3309737038513454
throughput,0.3535396164935344
whenever tininess,0.6338458005206009
1530,0.31324120975502023
makes,0.30075776070398097
thats,0.28089154603879446
qnan exception,0.5694411567656773
fpu comparsion,0.7388987746812062
divide,0.5241852521570609
extra,0.41271571653624817
explained,0.2405582566949633
sign bit:,0.6338458005206009
modifying,0.24854188232256874
brought,0.27047728042807667
ine_o,0.5961076007846285
total,0.2220069128744289
"square root,",0.4924524488698183
unit,0.2430628318289622
use,0.13619290443322485
would,0.27729972042103884
positive,0.31580791375978556
give,0.32191146198095966
round-to-zero,0.6672519898665071
two,0.1205248142175377
pdfmaker,0.5691532690162922
save hardware,0.6338458005206009
0.1,0.1631193526072294
therefore,0.32927367291880866
taken,0.18176319321915854
save clock,0.6338458005206009
logic elements:,0.6338458005206009
1.1001,0.5994670701532133
fractions,0.5163781674755947
lowering,0.31324120975502023
brings,0.27047728042807667
occurred,0.3076751024899142
tested,0.36516307884604043
flag,0.41271571653624817
normalized,0.32191146198095966
known,0.4888869527651296
serially,0.29431786957018297
cases,0.05580541782044967
+ infinity,0.6338458005206009
precision range,0.6338458005206009
pre-,0.6672519898665071
hardware,0.486710361054367
word,0.1815102506085053
1996,0.31324120975502023
work,0.2513405359293791
basic-,0.5961076007846285
jidan al-eryani,0.7257895661063064
values,0.2632936291925653
three,0.275995185337871
underflow flag,0.4924524488698183
starts,0.1631193526072294
exceptions,0.3151464007907133
root,0.4794888284794382
example,0.49934365111889917
division unit:,0.6338458005206009
nearest,0.5890758664661178
compare,0.33607334445961146
stated,0.2405582566949633
process,0.2581747944267801
chip,0.30572572430733375
0.5,0.19333411289536986
implementations,0.19971227627049914
synplify,0.5691532690162922
unbiased,0.29431786957018297
way,0.40854134815259613
numbers,0.5151949306719429
want,0.4888869527651296
qnan string,0.7388987746812062
serial,0.33217292201296955
david,0.5691532690162922
exponent e,0.6338458005206009
needs,0.3828299960224944
5.6,0.29431786957018297
done parallel,0.6338458005206009
verify,0.3675919234349667
multiplexer,0.48397719185985316
summery,0.45467440527027697
worth mentioning,0.5694411567656773
fpu,1.0
necessary,0.12831708068681028
opposite,0.2619682058539572
comparsion,0.6672519898665071
divider,0.34730577926853695
square-root,0.6672519898665071
multiplication unit:,0.6338458005206009
3.47,0.31324120975502023
intended,0.18736773951732483
hardware area,0.8868370113586005
binary,0.32708525092198204
may,0.19634077468057107
cyclone iep1c6q240c6,0.7257895661063064
diagram,0.27690687711302897
applications,0.05580541782044967
disable,0.2220069128744289
designed,0.015179260609328449
multiplication,0.4513222917829352
representations,0.45625621548311485
parallel,0.4712171659581552
types,0.21396299810569142
remember,0.41547659638452583
"= subtract,",0.6338458005206009
whenever,0.5579838350704797
bugs,0.31324120975502023
scientist should know,0.22402522074455955
algorithms,0.19971227627049914
decreasing,0.27047728042807667
representation,0.6636148561446055
bit status,0.6338458005206009
make,0.012485633125599211
34.0000,0.31324120975502023
operations,0.4607105238254858
output signals:,0.6338458005206009
rounded,0.46468604370739636
help,0.3309737038513454
doesnt concern,0.8868370113586005
output multiplexer,0.7410640389451925
produced,0.19971227627049914
scientist,0.45467440527027697
including,0.034669124170272535
ieee,0.6716246414022836
24,0.27238247146376976
26,0.1631193526072294
underflow_o,0.5961076007846285
ii v.5,0.8814261591448417
22,0.23344346232254512
modelsim,0.537312515129059
decreases,0.29431786957018297
actually,0.29431786957018297
better,0.13644103102968852
window,0.3756092544921631
according,0.10583418120623057
choose,0.4631868524427575
3.2.3,0.38244471993892515
decreased,0.29431786957018297
= sign,0.6338458005206009
non,0.39292719872536125
outlined,0.27047728042807667
start signal,0.5017331778149643
1991,0.31324120975502023
subtraction,0.5607720450968261
instead,0.1449261622206235
schools,0.31324120975502023
easily,0.19333411289536986
name,0.3343388849090355
always,0.20203025134869607
decimal,0.3828299960224944
events,0.32932838897286393
doesnt,0.6930301876347269
mode,0.24755316888234616
positions,0.4107504530982318
higher,0.12831708068681028
"mantissa m,",0.6338458005206009
el,0.45467440527027697
eo,0.6672519898665071
"precise results,",0.6338458005206009
financial,0.28089154603879446
reduce,0.4373290985188385
society,0.45467440527027697
frequency,0.2112353302013173
inf_o,0.5961076007846285
loops,0.31324120975502023
operation,0.41904195843905395
es,0.31324120975502023
description,0.16442220544715933
shown,0.4071939568387875
fp,0.6793353687250474
rounding,0.42773332521472535
restricted,0.3443146583810812
since,0.26291108033430644
1.0010,0.4430330589857775
increase,0.4373290985188385
cyclone,0.44323196165366247
formula,0.38447200279646526
electronics,0.28089154603879446
supports,0.18025294514382031
occurs,0.11303820677471163
common,0.32708525092198204
theory,0.4373290985188385
million,0.45467440527027697
"clock cycles,",0.38458879842567856
differ,0.40767710077701014
standard,0.5427251960304604
base,0.4318073388213779
wanted,0.31324120975502023
remainder,0.3756092544921631
acrobat,0.3343388849090355
cycles,0.4461342004107786
subtractions,0.29431786957018297
format is:,0.6338458005206009
could,0.15380608987337152
area,0.3602726736280384
iterative,0.27047728042807667
times,0.11303820677471163
thing,0.42502240752754333
zero_o,0.5961076007846285
fraction bit,0.6338458005206009
clock cycles,0.5555171344354217
saving,0.325434191812341
fp numbers:,0.8814261591448417
number,0.3442380115127403
one,0.2640554308686524
done,0.5201753035692966
fast,0.15380608987337152
another,0.2220069128744289
dividing,0.23081802458744172
open,0.30075776070398097
given,0.28204230816537207
width,0.3442380115127403
introduction,0.26418599729108977
leading,0.36267029288916014
top,0.3602726736280384
0.01,0.31324120975502023
approximately,0.32191146198095966
priority,0.38447200279646526
needed,0.41698018491756594
flow diagram,0.6338458005206009
zeros,0.15380608987337152
listed,0.1714807501656721
2110,0.384920124557762
bits,0.20503260389181632
exponents,0.3386171431791528
gives,0.2585688370008367
shifted,0.2826349667238195
altera quartus ii,0.7798908968563715
lot,0.38447200279646526
exactly,0.30075776070398097
inexact,0.5316070272089214
implementer,0.45467440527027697
signaling,0.21396299810569142
detect faster,0.8868370113586005
11,0.0
10,0.09744333701213613
13,0.017946695216951764
12,0.11441359939399699
14,0.02456284930720942
17,0.22023117134156994
3.3.1,0.3750416017014485
3.3.3,0.4107504530982318
future,0.2619682058539572
3.3.4,0.4430330589857775
exception whenever,0.6338458005206009
fpu_op_i,0.5961076007846285
powers,0.27047728042807667
1.1110,0.384920124557762
result,0.5928377316687509
1.4,0.2405582566949633
0.0100,0.384920124557762
1.11000010,0.384920124557762
1.7,0.2547738858101384
root operation,0.4924524488698183
square root:,0.5555171344354217
pro,0.39292719872536125
turned,0.23081802458744172
say,0.4973484543439727
goldberg,0.5961076007846285
need,0.034669124170272535
seen,0.23081802458744172
contents,0.02456284930720942
depending,0.23344346232254512
efficient,0.44323196165366247
able,0.2826349667238195
also,0.25751790990361006
without,0.3037944108332632
326,0.29431786957018297
take,0.1449261622206235
subject,0.39292719872536125
accuracy,0.42662044287949547
added,0.30897131080137763
multiple,0.29068901169754624
shall,0.501046149077918
reach,0.38447200279646526
systems,0.1714807501656721
unused,0.35256219758957524
01,0.18176319321915854
importantly,0.31324120975502023
significant,0.1205248142175377
mhz operating,0.5694411567656773
multiply,0.38642893356653274
windows,0.017946695216951764
calculated,0.34019088877728687
sometimes,0.2547738858101384
flow,0.30572572430733375
order,0.2193862349900901
away,0.2619682058539572
differentiate,0.45467440527027697
precise,0.5238348743152177
snan_o,0.5961076007846285
radix,0.41547659638452583
"= divide,",0.6338458005206009
show,0.3261656347926656
supported,0.009861977965125883
102.7,0.384920124557762
7.0,0.33368173102083504
subtracting,0.27047728042807667
xml,0.24781611736943424
ready_o,0.5961076007846285
"= multiply,",0.6338458005206009
layout,0.24854188232256874
parameters,0.0668743497244717
implementation,0.4340850747323382
explain,0.41547659638452583
written,0.05580541782044967
underflow,0.4931176442023742
handle,0.3415022156567903
get,0.4045612081843597
scientist should know about,0.24558007572430485
compiled,0.35105338858170976
b0-23,0.5961076007846285
v.5,0.7132033508320139
cannot,0.1714807501656721
negative,0.39371335114196954
127,0.3076751024899142
following,0.17349405098402015
al-eryani,0.6672519898665071
yield,0.42502240752754333
928,0.28089154603879446
rmode_i,0.5961076007846285
architecture,0.2112353302013173
2140,0.384920124557762
fixed,0.1205248142175377
conversions,0.42414894511597395
set,0.1436973286036235
"get truncated,",0.6338458005206009
achieved,0.18736773951732483
see,0.2350565773244275
computer,0.4010827212014046
input signals:,0.5555171344354217
show below:,0.6338458005206009
synplify pro,0.4965844255849623
2.5,0.18736773951732483
concern,0.5027874428455601
project,0.4570270696442472
00,0.19971227627049914
detect,0.47469877334805605
exponent,0.6424375834516387
million test,0.6338458005206009
please,0.34730577926853695
behind,0.24854188232256874
smallest,0.21396299810569142
boundary,0.2220069128744289
wide,0.32424149773691757
never,0.19333411289536986
denormalization,0.5604759123418802
however,0.24042139997019607
altera,0.6093651723249729
exponent and/or,0.6338458005206009
detail please,0.6338458005206009
multiplier,0.1714807501656721
interface,0.2792149363106
signaled,0.6927516309622749
come,0.3602726736280384
"= add,",0.6338458005206009
last,0.07830626143220211
shown below:,0.4924524488698183
1.0000,0.31324120975502023
quiet,0.24854188232256874
acrobat pdfmaker,0.4965844255849623
etc,0.3602726736280384
3.5,0.23081802458744172
logic,0.42364915377320816
exceeds,0.2619682058539572
holders,0.27047728042807667
post-normalization unit,0.8868370113586005
whole,0.3309737038513454
comes,0.2220069128744289
otherwise,0.1205248142175377
groups,0.2619682058539572
point,0.5158686286188134
reasons,0.38244471993892515
4387,0.31324120975502023
complies,0.35105338858170976
2nd,0.3443146583810812
qnan exception:,0.5555171344354217
259,0.29431786957018297
simply,0.2882937537279364
dependent,0.3675919234349667
table,0.027765095195994172
diff,0.6672519898665071
8.1,0.2405582566949633
fraca,0.5961076007846285
div_zero_o,0.5961076007846285
fracb,0.5961076007846285
addition,0.2350565773244275
fraco,0.6672519898665071
add,0.4570270696442472
1038,0.31324120975502023
trigger,0.39292719872536125
basic,0.48870488952670527
combine,0.41547659638452583
meeting,0.29431786957018297
889,0.31324120975502023
define,0.30572572430733375
684,0.31324120975502023
corresponding,0.1631193526072294
easy,0.1449261622206235
usselmann,0.553385995700063
6.17,0.31324120975502023
precision,0.5444049491322556
else,0.20656331382716953
time fmax,0.6338458005206009
111,0.18736773951732483
understand,0.4010827212014046
divisions,0.4430330589857775
exception,0.6805932590871242
handling,0.3535396164935344
invalid operation,0.6311092130886401
clock signal,0.2407909747334512
3.1,0.31580791375978556
ieee standard,1.0
value,0.29068901169754624
tininess,0.45467440527027697
replaced,0.24854188232256874
formats,0.33368173102083504
situation,0.4010827212014046
2100,0.3699338551495447
1.0001,0.31324120975502023
engineers,0.31324120975502023
real,0.26291108033430644
vectors,0.1631193526072294
10000,0.28089154603879446
encountered,0.28089154603879446
ii,0.4712171659581552
bias,0.3675919234349667
ready,0.13644103102968852
shift,0.30572572430733375
quartus ii v.5,1.0
distiller,0.2193862349900901
different,0.015179260609328449
verified,0.19333411289536986
quartus,0.6371222865914703
processing unit,0.6338458005206009
complex,0.3261656347926656
units,0.2871342183346717
overflow exception,0.4138055417830839
1.1101,0.31324120975502023
1.1100,0.384920124557762
difficult,0.42502240752754333
status,0.1931434005635531
independent,0.3215536689314978
used,0.3238124078709939
infinity,0.449572460424562
denormalization loss,0.6338458005206009
hand,0.4564207208048736
square root,0.6130652727229958
001,0.23081802458744172
000,0.35256219758957524
infinite,0.23081802458744172
hardware implementation,0.8868370113586005
totally,0.28089154603879446
mentioning,0.29431786957018297
modes,0.25079951133412387
operands,0.3486680004290523
done serial,0.6338458005206009
test bench,0.18656763694958728
divide-by-zero exception,0.6338458005206009
thought,0.27047728042807667
acrobat distiller,0.20785907951020324
double-precision,0.6340025958641669
components,0.1449261622206235
left,0.012485633125599211
less,0.25044707335826194
storage,0.4318073388213779
accurate,0.4564207208048736
stored,0.0988921790436864
invalid,0.4570270696442472
integer,0.27690687711302897
0.0001,0.384920124557762
3.3.2,0.3750416017014485
speed,0.17782570487455063
"multiplexer code,",0.6338458005206009
halfway,0.4010827212014046
adding,0.18736773951732483
snan,0.8577884319892025
infinitely,0.3909909927427231
ease,0.39292719872536125
except,0.13644103102968852
bench,0.29068901169754624
signals,0.16638451310584454
source,0.2716150677489869
lets,0.29431786957018297
"exponent placeholder,",0.6338458005206009
transformed,0.384920124557762
step1,0.5961076007846285
input,0.11384209980682423
283,0.3593009277892985
save,0.49262341692442646
divided,0.13644103102968852
bin,0.4952869643093507
3.2.1,0.35256219758957524
"storage holders,",0.6338458005206009
format,0.5110666074030652
possible,0.38642893356653274
five,0.2882937537279364
know,0.45467440527027697
snan exception,0.8868370113586005
doesnt trigger,0.6338458005206009
using,0.1205248142175377
bit,0.40959027032304696
disadvantage,0.45467440527027697
loss,0.45467440527027697
fpu operations:,0.5555171344354217
like,0.26291108033430644
qnan,0.8338330588900782
signal,0.27390243316940877
temporally,0.29431786957018297
steps,0.34812454725647735
fully,0.1908211587527256
output,0.21175343109475106
reduced,0.2882937537279364
towards,0.325434191812341
specifies,0.2826349667238195
"base b=10,",0.6338458005206009
right,0.045077123041910715
often,0.2220069128744289
truncated,0.3699338551495447
00000000,0.4310773969897416
00000001,0.28089154603879446
successfully,0.3750416017014485
back,0.1449261622206235
*3468,0.5961076007846285
whole range,0.6338458005206009
3.4,0.336612806549206
status flag,0.464579517353243
instantiating,0.28089154603879446
110,0.17647908641452484
round-up,0.6672519898665071
specified,0.045077123041910715
happens,0.2220069128744289
provided,0.012485633125599211
scale,0.42502240752754333
divide-by-zero,0.5691532690162922
number representation,0.4924524488698183
normal,0.1205248142175377
jidan,0.6672519898665071
commented,0.27047728042807667
equal,0.07830626143220211
connecting,0.20656331382716953
quartus ii,0.6977943019498019
mhz,0.5434687335441963
core,0.4184505521521972
biased,0.19971227627049914
run,0.2513405359293791
effecting,0.31324120975502023
processing,0.3954267419855929
step,0.7813671817702437
although,0.2405582566949633
pipelining,0.32191146198095966
losing,0.31324120975502023
subtract,0.5058516114389234
overflow_o,0.5961076007846285
integers,0.21396299810569142
actual,0.303625268295018
discussed,0.21396299810569142
range,0.4656069784009929
10000001,0.31324120975502023
snan string,0.7388987746812062
within,0.015179260609328449
due,0.27729972042103884
lies,0.29431786957018297
guard,0.5124572414887458
square,0.501046149077918
1985,0.31324120975502023
synthesized,0.19971227627049914
altera quartus,0.736147318878236
start,0.3215536689314978
much,0.267465222507406
fraction,0.4010827212014046
addition unit:,0.6338458005206009
sections,0.2722530103567501
synthesis,0.35475622479909313
files,0.12831708068681028
mhz operating frequency,0.22402522074455955
fpga,0.3238769022827689
754,0.4447620437426486
mantissa,0.46865453295750464
regard,0.48397719185985316
opb_i,0.5961076007846285
extended,0.35256219758957524
goals,0.3593009277892985
top unit:,0.5555171344354217
overflow,0.41271571653624817
divisors,0.31324120975502023
count,0.34730577926853695
made,0.1205248142175377
start_i,0.5961076007846285
default,0.2513405359293791
maximum,0.2430628318289622
us,0.2547738858101384
taught,0.31324120975502023
verification,0.5316070272089214
qnan_o,0.5961076007846285
3.2,0.3416225407662897
stages,0.21396299810569142
called,0.13644103102968852
multiplications,0.4107504530982318
3.3,0.31580791375978556
kahan,0.5961076007846285
choosing,0.28089154603879446
defined,0.14137312979471023
beginning,0.34730577926853695
describe,0.3535396164935344
sticky,0.3443146583810812
operand,0.486710361054367
single,0.2581747944267801
enable,0.17025627264611481
floating,0.3486680004290523
square-root unit:,0.6338458005206009
defines,0.24042139997019607
4.4,0.4071660729985752
compared,0.267465222507406
4.1,0.3602122696083668
4.3,0.39735196108048976
4.2,0.3773048152141521
na,0.5961076007846285
nan,0.6575686939097338
detail,0.3535396164935344
fpus,0.5961076007846285
multipliers,0.24854188232256874
electrical,0.28089154603879446
special,0.1321734546995836
digital,0.24854188232256874
test,0.44062139874347994
nr,0.5691532690162922
opa_i,0.5961076007846285
arithmetic,0.6106731642549889
conclusion,0.5260860572125872
elements,0.41813731670269816
time,0.3358841230139579
problems,0.2547738858101384
miscellaneous,0.31324120975502023
important,0.18176319321915854
faster,0.330082793477702
algorithm,0.5112316640005864
use fixed-point,0.6338458005206009
3.2.4,0.40035777528667504
3.2.5,0.4107504530982318
3.2.6,0.4107504530982318
3.2.7,0.4430330589857775
2006,0.2619682058539572
00000,0.3699338551495447
3.2.2,0.36267029288916014
single-precision,0.6591630567859315
square-unit,0.5961076007846285
strings,0.27047728042807667
basically,0.31324120975502023
