class class issued issued,0.24452094230032004
assembler,0.4299970936350623
consists,0.048890663434119415
life support,0.588431290596318
not-a-number,0.5459996516401249
spc line,0.6149849572193354
whose,0.4361794040140074
fsr software,0.588431290596318
spc t.e,0.6502545042460229
digit,0.35066797268074856
"slave processor operand,",0.5558295515289652
affect,0.4477282878652188
architectural description,0.4694295188021516
register addressing,0.6895140069918319
vector,0.40329865508658075
europe hong kong,0.5558295515289652
deutsch,0.5670100273355883
brief summary,0.47244702653415105
pulse,0.5196535049514845
instruction protocol,0.47244702653415105
psr bits mnemonic,0.5558295515289652
implemented,0.02013391825136085
gen2 add gen1,0.5558295515289652
even,0.2858219975618282
established,0.2611326551346681
d0 d15 setup,0.5558295515289652
specification,0.34422800813541227
selected,0.35031452661147255
pulse width,0.6299475529510902
nec,0.5670100273355883
input voltage,0.5568350898510739
supplies,0.35371645679988845
ever,0.2527837272169564
consisting,0.2527837272169564
"cpu sp,",0.4694295188021516
single precision,0.5940951481933847
fto op.2 none,0.2187659744243366
error,0.2997854288134653
reported,0.35742927182696593
active,0.3799706081687269
100,0.2690522123025518
101,0.25888920887401357
cmpf set,0.4694295188021516
slave processor write cycle,0.24452094230032004
divide,0.4223001847431091
represented value,0.4694295188021516
2.2.1,0.28368621553183265
2.2.3,0.40785841361705605
2.2.2,0.34108901912581613
total,0.15754122143446322
unit,0.47539702094485564
"power supply,",0.47244702653415105
link table,0.588431290596318
status register access,0.5558295515289652
abbreviations,0.29298415993542914
negative,0.34843658184144577
memory space:,0.37363957259068864
type,0.46504932609997146
e3.40282346,0.5670100273355883
aware,0.38459657970244265
device specifications,0.7539382280953582
93,0.21451673262576415
hold,0.26469752586454204
must,0.37701203113798126
01110,0.29298415993542914
01111,0.29298415993542914
word,0.48289449222466696
40,0.3410261114915957
setup,0.4853034837886968
general addressing,0.4694295188021516
ms,0.3459873942698668
mnemonic,0.38459657970244265
indicated,0.13894306584933475
give,0.19557782946420496
times,0.05773197842981784
returned,0.4183295468905891
set reference,0.6502545042460229
end,0.17023986312025713
clock low time,0.5558295515289652
national semiconductor corp,0.7403964487879878
"e word,",0.47244702653415105
binary value,0.4694295188021516
description,0.3161008663148856
minimized,0.2527837272169564
field value,0.4676899602640544
president,0.4299970936350623
tsimshatsui,0.5670100273355883
constants,0.2527837272169564
attempt,0.4673140005238807
effective,0.4961938530058983
operand2 returned value,0.5558295515289652
algorithms,0.16779296270503616
first,0.02805590148178003
order,0.5425913595809017
operations,0.20457301563921954
"memory environment,",0.47244702653415105
executed,0.1304498221634387
4.4.2.3,0.36460995860035733
4.4.2.2,0.36460995860035733
japan,0.3954238169435824
"divf gen1,",0.4694295188021516
10.0,0.2382352910799912
fit,0.40329865508658075
clk,0.7046408283343035
writing,0.3143007029365525
cpu stack,0.4694295188021516
fig,0.4074445391709002
affected,0.4299970936350623
thef,0.5670100273355883
thee,0.4299970936350623
truncfi,0.6349431839270203
interrupt,0.23108983962986912
theq,0.5670100273355883
represents,0.2744027520080285
reasonably,0.35371645679988845
"gen2 operand,",0.4694295188021516
processor status register,0.7403964487879878
series,0.6416914915870977
displacement,0.5247801961591441
sfsr,0.688106892697985
svin svcc,0.41773659355439563
ry,0.5670100273355883
rd,0.4183295468905891
language form,0.47244702653415105
rm,0.35066797268074856
rn,0.6762117485475295
resistor,0.4265652039128208
absf read.f write.f,0.5558295515289652
cnjwge,0.5670100273355883
voltages,0.2788896445284447
standard,0.4614551953808966
encountering,0.29298415993542914
9-15,0.29298415993542914
cpu instruction,0.4676899602640544
detecting,0.33095237529578525
32000,0.6856127621935991
value psr,0.4694295188021516
r4,0.516409432187929
r5,0.5051597528597502
r6,0.5051597528597502
r7,0.5051597528597502
r0,0.5051597528597502
r1,0.49541483737246167
r2,0.47910471294275864
r3,0.5051597528597502
sfsr gen2,0.4694295188021516
west bardin road,0.5558295515289652
semiconductor national semiconductor national,0.8693620352836402
resetting,0.4183295468905891
user,0.28712071938008554
"addf gen1,",0.4694295188021516
another,0.02486810510473495
input load,0.4694295188021516
illustrate,0.34183886429143545
service,0.27921035805095396
top,0.4183295468905891
movfl read.f write.l f,0.24452094230032004
critical components in,0.5558295515289652
00111,0.29298415993542914
trstw,0.5670100273355883
trsth,0.5670100273355883
needed,0.2072533018496529
trap type,0.588431290596318
6362,0.2788896445284447
relative,0.3690228656219983
serve,0.3605238499205552
inexact,0.49422166695931574
value psr bits mnemonic,0.24452094230032004
classes,0.2788896445284447
tion,0.6526036802001074
solely,0.2611326551346681
usages,0.29298415993542914
please contact,0.3841421938551867
underelectrical,0.5670100273355883
2-6,0.2788896445284447
op instruction descriptionsuffixf data,0.24452094230032004
responsible,0.21451673262576415
mnemonic class class issued,0.24452094230032004
low level output voltage,0.24452094230032004
recommended,0.2382352910799912
causing,0.3144036233168908
effectiveness,0.4299970936350623
erand,0.5670100273355883
fsr mode control fields,0.8693620352836402
typ,0.5670100273355883
absolute value,0.5713042603856224
treats,0.2382352910799912
general reset timing,0.5558295515289652
clock,0.18623936127440444
ns32081d-15,0.6349431839270203
81-043-299-2309,0.29298415993542914
operand class,0.41773659355439563
ns32081 fpu,1.0
"reserved operand,",0.4694295188021516
syntax,0.4074445391709002
d8,0.49541483737246167
on-chip driv-,0.47244702653415105
d7,0.5810529524135467
availability,0.38459657970244265
d0,0.6802659517565103
execution,0.48774654459537525
ns32081-15,0.5670100273355883
11111,0.29298415993542914
11110,0.29298415993542914
delays,0.2788896445284447
appended,0.2688894267016756
power dissipation,0.42441623988361665
see dc,0.4694295188021516
di,0.5577694492518407
status fields record,0.2187659744243366
dc,0.4586171138095125
psr bits mnemonic class,0.24452094230032004
bus operation,0.4694295188021516
fields,0.4622118577044422
16,0.2652425107414007
architecture,0.17023986312025713
release,0.38459657970244265
protocol sequence,0.5744497490337447
d double,0.4694295188021516
automatic,0.21451673262576415
reference,0.5006243460929451
disp2apointer,0.6349431839270203
semiconductor corp,0.588431290596318
4-10,0.38536311832314807
num,0.5670100273355883
result,0.5218249842149473
store fsr,0.4694295188021516
00,0.28368621553183265
01,0.41868119332166354
exponent,0.41390032954442074
fsr instruction,0.6149849572193354
japan ltd,0.4694295188021516
tclkl,0.5670100273355883
however,0.05773197842981784
frangais tel:,0.4694295188021516
non-fpu,0.5670100273355883
e25oc,0.5670100273355883
fpu grounding,0.4694295188021516
"gen2 move,",0.7920681040179878
receives,0.1873658678772779
logic,0.40329865508658075
requests,0.3526826129208485
col,0.4299970936350623
con,0.4183295468905891
represented,0.4299970936350623
gen2 multiply gen2,0.5558295515289652
loaded,0.15754122143446322
"movfl gen1,",0.4694295188021516
bardin,0.5670100273355883
semiconductor corporation,0.37363957259068864
slave id,0.4694295188021516
three,0.2144645478544289
illegal instruction,0.41773659355439563
basic,0.34108901912581613
expected,0.29440318766245965
life,0.4997765712636888
bardin road fax:,0.5558295515289652
descriptionsuffixf data type,0.5558295515289652
mnemonic class,0.4694295188021516
applied,0.2375189459231243
exception,0.39194713284978205
logic ground,0.588431290596318
hong kong ltd,0.5558295515289652
clock signal,0.18116432522882026
starts,0.3048352290817591
2737-1600,0.29298415993542914
tclkp,0.7188492891533329
level input voltage,0.7403964487879878
step status action,0.5558295515289652
gnd,0.5762506054184431
format column,0.4676899602640544
block diagram,0.15548406712064178
ii,0.26469752586454204
expan,0.5670100273355883
cant,0.38459657970244265
il,0.5670100273355883
"upon completion,",0.4694295188021516
id,0.5672736393614051
hong,0.4913560343262869
operand1,0.6349431839270203
operand2,0.6349431839270203
perform,0.4391130512554023
rst setup,0.4694295188021516
register con,0.4676899602640544
cycle,0.48774654459537525
operands,0.32259221847642855
ocean,0.29298415993542914
contact,0.3319862358709123
left,0.12044777722001197
operand intact,0.47244702653415105
protocol,0.4868886064471496
cpu status,0.6149849572193354
lto op.2 none,0.2187659744243366
trap whenever,0.5949847355810638
cpu assistance,0.4676899602640544
adding,0.14795135792493547
integer size,0.47244702653415105
cpu general purpose,0.7403964487879878
clock high,0.4694295188021516
nega-,0.5670100273355883
fpu note:,0.4694295188021516
semiconductor national semiconductor,0.8674692278041285
tspcfh,0.5670100273355883
"processor instruction,",0.4694295188021516
access memory,0.34230786947725983
apart,0.38459657970244265
gen2 store fsr,0.5558295515289652
tspcfl,0.5670100273355883
58,0.20457301563921954
55,0.2744027520080285
11100,0.2788896445284447
11101,0.29298415993542914
manual,0.5081971082019836
50,0.4049130390895641
52,0.17880476349299368
psr l,0.4694295188021516
accuracy,0.27921035805095396
tspcfw,0.5670100273355883
performing,0.3281055437827815
sends,0.3614057462931764
set reference manual,0.7403964487879878
cpu general,0.588431290596318
aregister,0.5670100273355883
field represented,0.4694295188021516
input inactive,0.4694295188021516
frangais,0.5670100273355883
icc,0.5459996516401249
d15 setup,0.4694295188021516
buffer,0.4265652039128208
l bit,0.5919283511127535
meanings,0.36460995860035733
architectural,0.4299970936350623
status action,0.4694295188021516
fsr mode control,0.714787577964837
2.1.2.2,0.4409848924680898
2.1.2.3,0.36460995860035733
move absolute,0.4676899602640544
connected,0.11272831402777762
contains,0.2762536033266964
a70oc,0.5670100273355883
low.,0.4299970936350623
float,0.22563286246864867
gen2 move,0.6502545042460229
ns32081,0.83046255832346
pair,0.3070786753424136
signal propagation,0.4694295188021516
pointer value,0.5949847355810638
support,0.4913560343262869
d24c,0.6349431839270203
width,0.3793426749826117
authorized,0.29298415993542914
therefore,0.21437701680316448
lowest,0.3070786753424136
form,0.48286312035811324
failure,0.5247801961591441
decodes,0.2527837272169564
ta e25oc,0.4694295188021516
sub-,0.5670100273355883
true,0.26621415684849076
reset,0.4299727881740169
portions,0.2611326551346681
attached,0.2382352910799912
maximum,0.4183295468905891
devices,0.29298415993542914
low level input,0.5558295515289652
order number ns32081d-10,0.7403964487879878
272-9959,0.29298415993542914
valid before clock,0.5558295515289652
1.1.1,0.3969567121181805
descriptionsuffixf data type fbit,0.24452094230032004
1.1.3,0.35371645679988845
1.1.2,0.35371645679988845
1.1.5,0.35371645679988845
1.1.4,0.35371645679988845
result flag,0.4694295188021516
purpose register con,0.2187659744243366
ieee standard,0.24495460656771276
floating,0.2375189459231243
lfsr read.d n/a,0.5558295515289652
physical,0.33095237529578525
floor,0.4074445391709002
generally,0.28883840216549117
read.i,0.5670100273355883
setting,0.20038868926059872
role,0.4074445391709002
implant,0.4299970936350623
shows,0.14488751099359023
op instruction description,0.8674692278041285
gen2 divide gen2,0.5558295515289652
sfsr n/a,0.4694295188021516
retry,0.3716975219698707
technol,0.5670100273355883
variable,0.3281055437827815
transfers,0.3410144929166686
ttl clock,0.4676899602640544
"f field,",0.47244702653415105
assume,0.31421371150728983
fsr,0.8402168721087538
time,0.13791102976832956
"movf gen1,",0.4694295188021516
reset timing,0.41773659355439563
activated,0.2382352910799912
fabricated,0.29298415993542914
spc l.e,0.6502545042460229
format op,0.7075816516753923
environment,0.26469752586454204
operand transfer,0.588431290596318
c10b38,0.6349431839270203
clk signal,0.47244702653415105
"general instruction protocol word,",0.24452094230032004
choice,0.5504844937497887
ma,0.5230116729088438
exact,0.36692978880717303
level,0.5230116729088438
op instruction,0.7075816516753923
national semiconductor,0.7379401371977928
loads,0.19557782946420496
round,0.5081971082019836
upper,0.2493424861716421
eb3.40282346,0.5670100273355883
sign,0.36393976261502553
general purpose,0.7539382280953582
assistance,0.3954238169435824
tevm2.nsc.com,0.5670100273355883
current,0.16237388514983883
addf,0.6349431839270203
illustrations,0.29298415993542914
falling,0.2688894267016756
ffield binary,0.4694295188021516
processing,0.36393976261502553
svin,0.6289956118517925
address,0.4438256018660981
ffield binary value decimal,0.24452094230032004
appears,0.08645366175272444
change,0.18030612456408748
result trap,0.4694295188021516
sending,0.15754122143446322
11001,0.29298415993542914
11000,0.2688894267016756
a150oc,0.5670100273355883
queue,0.38459657970244265
general protocol,0.588431290596318
cttl,0.5670100273355883
regardless,0.34183886429143545
immediate addressing,0.4676899602640544
f2,0.49541483737246167
italiano,0.5670100273355883
andn,0.5670100273355883
ande,0.6349431839270203
positive,0.2948958969118051
f7,0.6462738758843928
2.1.2.1,0.36460995860035733
memory,0.4545068690393088
selects,0.3144036233168908
diagrams,0.33999226761255574
underelectrical characteristics,0.4694295188021516
conductor,0.4299970936350623
movfl,0.6615250383129491
cases,0.02486810510473495
l double precision,0.5558295515289652
floorfi,0.6349431839270203
memory space,0.27194856932787365
values,0.32681007300608356
underflow flag,0.24495460656771276
following,0.09546821357684569
nearest,0.5560738325161283
dedicated,0.14795135792493547
op column,0.4676899602640544
figure,0.46690489308828637
compare instruction,0.4676899602640544
performed,0.29440318766245965
allowed,0.17880476349299368
spc,0.927058614825944
occur,0.1147941649429523
requirements,0.4128657174176969
divided,0.08645366175272444
status word,0.6299475529510902
write,0.34422800813541227
pins,0.3660875198778339
optimal,0.2527837272169564
absolute,0.5081971082019836
parameter,0.22249895528639096
displacements,0.41016861060209875
product,0.40329865508658075
may,0.30968913884573795
sp1,0.6615250383129491
hold time,0.37363957259068864
designed,0.013530817683295815
0.75,0.2382352910799912
representations,0.36460995860035733
operand2 operand1 operand2,0.5558295515289652
data,0.33318233938926173
whenever,0.5207592656992769
sp,0.6558768653103474
yielding,0.5358468244579703
europe hong kong ltd,0.24452094230032004
representation,0.32299149084348444
truncfi read.f,0.4694295188021516
fpu ter-,0.4694295188021516
load fsr instruction,0.7767902784069532
pointed,0.29298415993542914
kong,0.6289956118517925
low level,0.588431290596318
pointer,0.5174654199686417
non-zero,0.6310227134558365
ter-,0.5670100273355883
general instruction,0.7075816516753923
low time,0.37363957259068864
forms,0.35742927182696593
fp register,0.3903191601353706
policy,0.4299970936350623
within,0.35266032968809613
"tt field,",0.4694295188021516
half,0.4801247941621416
"subf gen1,",0.4694295188021516
subf,0.6349431839270203
execute,0.31421371150728983
name,0.3645716663628091
storage temperature,0.34230786947725983
gen2 compare gen1,0.5558295515289652
signtypesosingle,0.5670100273355883
processor write cycle,0.5558295515289652
operand,0.5790339061501469
negf read.f,0.4694295188021516
monitors,0.1873658678772779
es,0.2788896445284447
shown,0.4342360730666906
5251,0.2788896445284447
space,0.2493424861716421
rounding,0.0669200988802203
tensions,0.29298415993542914
communicating,0.2688894267016756
semiconductor corporation europe hong,0.24452094230032004
cancels,0.29298415993542914
contained,0.1873658678772779
l n/a fto,0.5558295515289652
formula,0.35066797268074856
receiving,0.2624552574119469
product introduction,0.5949847355810638
cooperatively,0.29298415993542914
data type fbit,0.5558295515289652
cpu psrz,0.4694295188021516
byte,0.5133071678220419
e0,0.5577694492518407
language,0.4801247941621416
gen1.,0.5670100273355883
programming,0.19557782946420496
gen2 add,0.4694295188021516
1000,0.41854253026325156
download from:,0.42441623988361665
trap enable,0.588431290596318
variables,0.20457301563921954
cpus,0.6558768653103474
one,0.12241590283622814
xx,0.4820013295074164
long,0.1873658678772779
directly,0.02013391825136085
instruction description,0.6532896179921273
size,0.4161474119923308
given,0.3466498475778042
upon receiving,0.5919283511127535
molded,0.29298415993542914
number ranges,0.4694295188021516
occupy,0.3954238169435824
11010,0.29298415993542914
11011,0.2788896445284447
pull-up,0.5810529524135467
indicate,0.2717522710077906
returns,0.28883840216549117
00110,0.29298415993542914
types,0.3262546924632207
bits,0.3558520375706064
national,0.5897703104646809
gives,0.2459094847087403
tspcfnf,0.5670100273355883
sfsr n/a write.d n/a,0.24452094230032004
releases,0.21451673262576415
movf read.f write.f,0.5558295515289652
broadcast,0.38459657970244265
scaled index,0.588431290596318
operand2 operand1 operand2 returned,0.24452094230032004
quad,0.4299970936350623
specify,0.40329865508658075
11,0.38680084454908764
wide,0.25888920887401357
15,0.16237388514983883
17,0.03255530684865898
accordance,0.3605238499205552
18,0.048890663434119415
require,0.19872382360859805
transferred,0.40251754057016853
accesses,0.2744027520080285
future,0.2527837272169564
accessed,0.13894306584933475
e5v,0.5670100273355883
instruction column,0.47244702653415105
addressing,0.513272318573021
sult,0.5670100273355883
movfl read.f,0.4694295188021516
13th,0.2688894267016756
processor instruction,0.4676899602640544
reference memory,0.47244702653415105
conversion,0.43559558357053174
d0 d15 hold time,0.24452094230032004
0-2,0.29298415993542914
processor read,0.41773659355439563
canton,0.4299970936350623
note,0.3859196325178304
svin s2.4v,0.4694295188021516
"protocol word,",0.4694295188021516
switching,0.2527837272169564
200,0.1304498221634387
altered,0.2688894267016756
track,0.3605238499205552
input signal requirements,0.5558295515289652
multiply,0.20457301563921954
cleared,0.35945912960500964
considered,0.1873658678772779
accordance support,0.47244702653415105
cnjwge tevm2.nsc.com,0.47244702653415105
disp1 aregister,0.4694295188021516
show,0.2717522710077906
notations,0.2788896445284447
displacement value,0.47244702653415105
upon detecting,0.6149849572193354
encoded,0.3281055437827815
0.45,0.33999226761255574
ground,0.5560804298285501
written,0.4183295468905891
nearest integer,0.5949847355810638
"bus cycles,",0.5713042603856224
lfsr read.d n/a d,0.24452094230032004
ger,0.5670100273355883
immediate mode,0.4676899602640544
signal requirements,0.4694295188021516
fpu hardware,0.4676899602640544
cannot,0.3101843018895519
nearly,0.2611326551346681
gen,0.5358468244579703
settings,0.16779296270503616
level input,0.588431290596318
summary,0.3605238499205552
movfl instruction,0.4676899602640544
"noise immunity,",0.47244702653415105
order number ns32081n-10,0.7403964487879878
f bit,0.5949847355810638
subf read.f,0.4694295188021516
connections,0.19557782946420496
eb400,0.5670100273355883
west bardin,0.4694295188021516
appear,0.5368165620371211
ways,0.17880476349299368
stack pointer,0.4694295188021516
read.i write.f,0.47244702653415105
"floorfi gen1,",0.4694295188021516
slave processors,0.4694295188021516
divide gen2,0.4694295188021516
come,0.32299149084348444
type fbit,0.4694295188021516
n/a e,0.47244702653415105
according,0.048890663434119415
called,0.08645366175272444
propagation,0.4913560343262869
opcode,0.3716975219698707
nearest value,0.6992905357148459
period,0.34183886429143545
64,0.29440318766245965
66,0.12241590283622814
associated,0.2459094847087403
west,0.4299970936350623
bus cycle,0.47520596956480626
single-phase,0.5670100273355883
gen2 multiply,0.4694295188021516
direction,0.31421371150728983
enable,0.1873658678772779
kong ltd,0.4694295188021516
external,0.39194713284978205
absolute maximum ratings,0.4787913020968194
protocols,0.29298415993542914
case,0.3870674297891091
4-2,0.21451673262576415
4-3,0.2382352910799912
4-4,0.3946688044291591
4-5,0.32259221847642855
4-6,0.33095237529578525
4-7,0.4920261632915606
4-8,0.37637042833762796
4-9,0.45456365820488775
single,0.4391130512554023
ns32081 fpu grounding,0.5558295515289652
spc input,0.588431290596318
spc output inactive,0.5558295515289652
format op instruction description,1.0
1100,0.2788896445284447
1101,0.2788896445284447
00100,0.29298415993542914
00101,0.29298415993542914
canton rd,0.4694295188021516
characteristics,0.35371645679988845
bias,0.4361794040140074
b65octo,0.5670100273355883
binary,0.4361794040140074
d0d7,0.5670100273355883
trap are:,0.47244702653415105
"memory accesses,",0.42441623988361665
spc output active,0.5558295515289652
status,0.6097564506757064
extended,0.1873658678772779
driven,0.36460995860035733
memory representations,0.588431290596318
edges,0.22563286246864867
national semiconductor national,0.8674692278041285
undefined,0.19557782946420496
number n24a,0.588431290596318
absf read.f,0.4694295188021516
without,0.19895599894775787
components,0.09686724467606443
model,0.30454402913165857
operand formats,0.4694295188021516
fpu instruction,0.6149849572193354
aborted,0.32259221847642855
physically,0.2527837272169564
i/o,0.3832580835903345
relevant,0.32299149084348444
op instruction descriptionsuffixf,0.5558295515289652
semiconductor national semiconductor corporation,0.24452094230032004
speed,0.15531297884658954
halfway,0.3716975219698707
sampled,0.12241590283622814
default vector,0.47244702653415105
except,0.2902602867948189
samples,0.35742927182696593
written approval,0.4694295188021516
read,0.4202013028166277
system connection,0.47244702653415105
psr,0.7301033288012816
using,0.0669200988802203
accepted,0.19557782946420496
mode control fields,0.7403964487879878
serves,0.1873658678772779
either,0.3402494357442424
output,0.3999135587003812
specifies,0.3868685573359467
eb400 ma,0.4694295188021516
data valid,0.31630558450744467
kowloon,0.5577694492518407
lto op.2,0.4694295188021516
suffixi data,0.4694295188021516
table,0.018587527775121106
duration,0.38459657970244265
intact,0.4074445391709002
provided,0.12044777722001197
dimensions,0.33095237529578525
returned value psr bits,0.24452094230032004
critical,0.4299970936350623
semiconductor sales office/distributors,0.5558295515289652
refer,0.31421371150728983
biased,0.16779296270503616
tdh,0.5670100273355883
assembly,0.33095237529578525
power,0.4792135381353929
quit,0.4299970936350623
bus cycles,0.5568350898510739
e4ma,0.5670100273355883
national semiconductor sales office/distributors,0.24452094230032004
tdv,0.5670100273355883
3.4.2,0.33095237529578525
comparison,0.3716975219698707
3.4.1,0.32259221847642855
floorfi read.f write.i,0.5558295515289652
lfsr gen1 load fsr,0.24452094230032004
processor,0.4905107702206922
road,0.4074445391709002
op,0.4820013295074164
referenced,0.2527837272169564
low level input voltage,0.24452094230032004
dissipation,0.4183295468905891
rising,0.2688894267016756
value decimal value,0.5558295515289652
gen1 load,0.4694295188021516
see dc electrical characteristics,0.24452094230032004
assumed,0.17880476349299368
decode,0.3605238499205552
low,0.3389025545143047
sfsr n/a write.d,0.5558295515289652
complete,0.03255530684865898
reference/,0.6615250383129491
applying,0.34459557951675124
floorfi read.f,0.4694295188021516
1023,0.2527837272169564
default,0.18450201373788308
life support devices or,0.24452094230032004
certain,0.4183295468905891
register relative:,0.4694295188021516
sales,0.2788896445284447
general,0.2375189459231243
4.4,0.26621415684849076
4.1,0.20038868926059872
4.0,0.39175490449915606
4.3,0.3048352290817591
4.2,0.22948556153542193
drivers,0.22563286246864867
storage,0.34183886429143545
1111,0.2788896445284447
field,0.4972997563168471
valid,0.45383729176186155
immunity,0.3954238169435824
10,0.2689550057259152
symbol,0.2717522710077906
includes,0.05773197842981784
included,0.03255530684865898
max,0.5513277190301084
bias value,0.5811325455923008
3-7,0.2611326551346681
3-6,0.33999226761255574
3-5,0.2527837272169564
3-4,0.2527837272169564
3-3,0.3144036233168908
3-2,0.34459557951675124
3-1,0.3961686684193469
truncfi read.f write.i,0.5558295515289652
00001,0.29298415993542914
00000,0.2788896445284447
vcc a0.5,0.41773659355439563
critical components in life,0.24452094230032004
"upper case,",0.47244702653415105
disp,0.5670100273355883
represent,0.23108983962986912
ioh eb400 ma,0.5558295515289652
zero whenever,0.47244702653415105
caused,0.20457301563921954
processor status,0.588431290596318
ceramic,0.29298415993542914
executing,0.21451673262576415
surgical,0.29298415993542914
scale factor,0.4694295188021516
expressions,0.2527837272169564
causes,0.2624552574119469
general reset,0.4694295188021516
semiconductor,0.5738022314525492
tx,0.49541483737246167
tt,0.7212901836230579
extraneous,0.29298415993542914
level output voltage,0.7403964487879878
program,0.35066797268074856
sustain,0.4299970936350623
ta,0.6180152647458588
fax,0.5425913595809017
load fsr,0.7075816516753923
rst pulse width,0.5558295515289652
fall,0.3716975219698707
condition,0.545441676786024
pulsing,0.29298415993542914
list,0.4223001847431091
applicable,0.2788896445284447
millimeters,0.36460995860035733
small,0.2468580155197346
clock timing,0.4694295188021516
tel,0.594542383242215
"cmpf gen1,",0.4694295188021516
val-,0.5670100273355883
underflow trap,0.4694295188021516
zero,0.576483529298547
displays,0.19557782946420496
4.1.1,0.36460995860035733
4.1.2,0.41016861060209875
4.1.3,0.36460995860035733
section,0.6795302235834813
brief,0.4673140005238807
fractional,0.1873658678772779
method,0.39194713284978205
movement,0.3954238169435824
slave protocol,0.5949847355810638
component,0.40329865508658075
ranges,0.2688894267016756
operating,0.07648334677968982
subf read.f rmw.f,0.5558295515289652
"functional description,",0.4694295188021516
purpose registers,0.4694295188021516
lfsr gen1,0.4694295188021516
level output,0.588431290596318
tri-state/input,0.5670100273355883
written approval of the,0.24452094230032004
action,0.38459657970244265
"ns32081 fpu,",0.4694295188021516
options,0.07648334677968982
followed,0.25888920887401357
family,0.5353817986988118
vih,0.5297149787524967
vil,0.5297149787524967
mode calculation,0.47244702653415105
national semiconductor corporation,0.2187659744243366
select,0.3793426749826117
852,0.35371645679988845
destination,0.545478758352792
two,0.20848572108793
injury,0.4299970936350623
initiated,0.22563286246864867
initiates,0.29298415993542914
flag,0.4223001847431091
none,0.6523891318656949
nine,0.4617301371973668
sent,0.2493424861716421
a5v,0.5577694492518407
hong kong,0.5744497490337447
uen bit,0.6895140069918319
f0,0.6462738758843928
f1,0.5051597528597502
compare,0.4311717755494695
f3,0.49541483737246167
f4,0.5051597528597502
f5,0.5459996516401249
f6,0.5459996516401249
stated,0.21451673262576415
76017,0.29298415993542914
pushed,0.2788896445284447
numbers,0.3389025545143047
descriptionsuffixf data,0.4694295188021516
information,0.24627408696329106
processors,0.29298415993542914
acts,0.2688894267016756
divf read.f,0.4694295188021516
support policy,0.47244702653415105
national semiconductor corporation europe,0.24452094230032004
recommend-cpu,0.5670100273355883
fp,0.5577694492518407
intended,0.14795135792493547
whose failure,0.47244702653415105
fsr status fields,0.8674692278041285
cpu processor,0.4694295188021516
derived,0.19557782946420496
addf read.f rmw.f,0.5558295515289652
cmpf,0.6615250383129491
rst pin,0.5919283511127535
register,0.4361794040140074
datasheet,0.5051597528597502
rounded,0.3614057462931764
help,0.27921035805095396
least negative,0.4694295188021516
held,0.3849481963260909
w word,0.4694295188021516
26,0.1147941649429523
27,0.3048352290817591
slave processor write,0.5558295515289652
operand1 operand2 operand1,0.5558295515289652
link table entry,0.5558295515289652
cpu psrz andn,0.5558295515289652
detected,0.2624552574119469
slave processor read cycle,0.24452094230032004
a0.5,0.5577694492518407
systems,0.29298415993542914
00010,0.29298415993542914
00011,0.29298415993542914
alter,0.38459657970244265
rst r.e,0.588431290596318
buffer ground,0.588431290596318
implant support,0.47244702653415105
f n/a,0.47244702653415105
instructions,0.1873658678772779
designation,0.4299970936350623
s bit,0.3903191601353706
always,0.31503746116173376
decimal,0.32299149084348444
labeling,0.29298415993542914
psrz andn,0.4694295188021516
found,0.3383917854994182
rst release timing,0.5558295515289652
slave,0.6191978507022181
operation,0.38459657970244265
beyond,0.3350938924693979
20.0,0.2688894267016756
since,0.1075443704520999
cpu processor status,0.5558295515289652
safety,0.4299970936350623
psr bits,0.4694295188021516
occurs,0.21437701680316448
fto,0.5670100273355883
compare gen1,0.4694295188021516
3.00,0.2688894267016756
0100,0.2527837272169564
reason,0.30454402913165857
bidirectional,0.20457301563921954
operation trap,0.47244702653415105
set movement,0.4694295188021516
generate,0.3078156624530932
definition,0.3319862358709123
written approval of,0.5558295515289652
leading,0.2688894267016756
instruction definition,0.47244702653415105
spc pulse width,0.7403964487879878
encoding,0.2382352910799912
relate,0.4183295468905891
dc electrical characteristics,0.5558295515289652
number,0.4204694907203069
d0d15,0.5670100273355883
road fax:,0.4694295188021516
add gen1,0.4694295188021516
temperature,0.4673140005238807
introduction,0.19872382360859805
arlington,0.5670100273355883
ns32201 timing control,0.5558295515289652
least,0.47391830908733434
st0,0.7301033288012816
st1,0.7188492891533329
passed,0.16779296270503616
d0 d15,0.588431290596318
slave processor control,0.5558295515289652
store,0.2493424861716421
calculations,0.20457301563921954
trapped,0.2788896445284447
immediate,0.6007794414534796
10011,0.2688894267016756
10010,0.29298415993542914
clock period,0.41773659355439563
modes,0.3798549021435754
determines,0.2744027520080285
double,0.4060610147821945
instruction,0.6487646321452741
determined,0.28368621553183265
b0.5,0.5577694492518407
ioh eb400,0.4694295188021516
toward,0.37637042833762796
a49,0.7075952495062768
2736-9960,0.29298415993542914
sb,0.5995341085792564
f suffix,0.47244702653415105
ages,0.29298415993542914
family instruction,0.47244702653415105
entry number,0.4676899602640544
suffix f,0.47244702653415105
"uf bit,",0.4694295188021516
d0 d7,0.4694295188021516
option,0.2493424861716421
ratings,0.2788896445284447
depending,0.048890663434119415
lit,0.4299970936350623
also,0.17634442478773313
fsr status,0.6502545042460229
ex1,0.5670100273355883
frame memory,0.6149849572193354
added,0.2144645478544289
absolute reference,0.47244702653415105
tspcw,0.5670100273355883
tspch,0.6349431839270203
pin descriptions,0.4694295188021516
see figure,0.31630558450744467
significant,0.42047130309842656
70,0.17880476349299368
78,0.17880476349299368
value decimal,0.4694295188021516
4.4.1,0.33999226761255574
4.4.3,0.35371645679988845
4.4.2,0.33999226761255574
ext,0.4183295468905891
d n/a,0.4694295188021516
spc pulse,0.6502545042460229
fbit,0.5670100273355883
tclkp b,0.6149849572193354
ffield binary value,0.5558295515289652
edge f.e,0.4694295188021516
registers,0.32543027392959667
completion,0.4183295468905891
xx fpu,0.588431290596318
dividing,0.29298415993542914
capacitive,0.2611326551346681
underflow,0.45685623286723037
factor,0.4074445391709002
columns,0.33095237529578525
0-180-530,0.36460995860035733
0-180-532,0.36460995860035733
0-180-534,0.29298415993542914
value psr bits,0.5558295515289652
express,0.38459657970244265
d15,0.6513545413894212
actions,0.21451673262576415
class issued issued,0.5558295515289652
c10b308,0.6349431839270203
interrupt stack,0.4694295188021516
bytes,0.22948556153542193
stored,0.20038868926059872
common,0.2624552574119469
set,0.49612462377326133
"stack pointer,",0.4694295188021516
efield f,0.4694295188021516
see,0.39232373990707664
descriptions,0.29298415993542914
2.3,0.22948556153542193
"ande fields,",0.588431290596318
2.1,0.19376499060657393
low level output,0.5558295515289652
spc output nonforcing,0.5558295515289652
please,0.30454402913165857
114287,0.29298415993542914
control unit,0.3841421938551867
b65octo a150oc,0.4694295188021516
"instruction processing,",0.47244702653415105
consecutive,0.29440318766245965
conditions,0.3946688044291591
input load current,0.5558295515289652
available,0.06694842087458333
roundfi,0.6349431839270203
complement,0.4361794040140074
bit integer,0.42441623988361665
addf read.f,0.4694295188021516
spc input active,0.5558295515289652
spc input inactive,0.5558295515289652
load,0.5196535049514845
clock high time,0.5558295515289652
efield f field,0.5558295515289652
point,0.4432990705190504
simply,0.14795135792493547
a7.0v,0.5670100273355883
ensures,0.2382352910799912
described,0.05773197842981784
lsbe0,0.5670100273355883
add,0.28712071938008554
swf,0.6349431839270203
edge t.e,0.4694295188021516
pc,0.47910471294275864
pf,0.3954238169435824
write cycle,0.5645296874251096
class issued issued type,0.24452094230032004
order number,0.681928261489345
generating,0.15754122143446322
0000,0.21451673262576415
0001,0.2611326551346681
precision,0.5115607167632735
id byte,0.7075816516753923
ures3-5,0.5670100273355883
straight,0.29298415993542914
memory relative:,0.4694295188021516
involved,0.2527837272169564
rst release timing note:,0.24452094230032004
"slave processor instruction,",0.5558295515289652
10000,0.2688894267016756
10001,0.29298415993542914
vol,0.3954238169435824
use.,0.4183295468905891
voh,0.5297149787524967
herein,0.30454402913165857
encountered,0.3459873942698668
reads,0.26621415684849076
2.1.2,0.28368621553183265
2.1.1,0.3281055437827815
reset requirements,0.4694295188021516
fetching,0.2788896445284447
scaled index:,0.4694295188021516
driv-,0.5670100273355883
used,0.2314354022451649
001,0.3070786753424136
000,0.29440318766245965
uses,0.013530817683295815
purpose,0.5896982119201789
n/a n/a,0.5949847355810638
stack,0.4183295468905891
ns32201 timing,0.4694295188021516
"absf gen1,",0.4694295188021516
ien bit,0.19644500226503195
edge,0.5697483615403247
strobe,0.4477282878652188
clears,0.1873658678772779
entry,0.34183886429143545
inactive,0.35371645679988845
ffield,0.5670100273355883
tables,0.34459557951675124
loading,0.13894306584933475
gen2 move absolute,0.2187659744243366
tclkh,0.5670100273355883
load current,0.4694295188021516
e0v,0.5670100273355883
status code,0.6502545042460229
internal,0.0
location,0.19872382360859805
input,0.4604419407388902
general protocol sequence,0.7403964487879878
remaining,0.1873658678772779
format,0.5271776402673282
ta-11,0.5670100273355883
traps,0.4299970936350623
3130,0.2688894267016756
"processor operand,",0.4694295188021516
integer,0.545441676786024
bit,0.5045808565798726
follows,0.19376499060657393
signal,0.26368378340304616
instruction f,0.5949847355810638
continue,0.2955417702096581
pull-up resistor,0.5480618236967023
3.4,0.37100174477636527
3.5,0.3755034604017191
3.2,0.2459094847087403
3.3,0.2948958969118051
3.0,0.4025703389610996
3.1,0.34961225759178133
delivered,0.20457301563921954
scale,0.4074445391709002
737-7018,0.29298415993542914
conditionally,0.2788896445284447
step status,0.4694295188021516
300,0.22563286246864867
signtypesosingle precision,0.47244702653415105
maximum ratings,0.41773659355439563
step,0.3954238169435824
subtract,0.3605238499205552
integers,0.38536311832314807
mnemonics,0.33999226761255574
range,0.25489016910581835
extensions,0.3811648351736609
type f,0.47244702653415105
block,0.24627408696329106
inte,0.5670100273355883
suffixi data type,0.5558295515289652
nsc,0.5670100273355883
register mode,0.4676899602640544
conductor di,0.47244702653415105
specifically,0.19557782946420496
register relative,0.4694295188021516
fpu whenever,0.4676899602640544
1.50,0.29298415993542914
inches,0.35371645679988845
properly,0.1075443704520999
link,0.4673140005238807
line,0.26296927542200615
c1038,0.6349431839270203
.a,0.5670100273355883
un,0.5670100273355883
ands,0.36460995860035733
fsr software field,0.7403964487879878
uf,0.6310227134558365
"input ues,",0.47244702653415105
constant,0.2955417702096581
0010,0.2688894267016756
specified,0.3885495714032855
uf bit,0.4676899602640544
codes,0.21451673262576415
suffixi,0.5670100273355883
general purpose registers,0.5558295515289652
nan,0.5250050568246576
"interrupt stack pointer,",0.5558295515289652
invalid,0.43157964400236254
psrz,0.5670100273355883
gen2 divide,0.4694295188021516
application,0.1913828213655184
electrical,0.2788896445284447
cpu stack pointer,0.5558295515289652
arithmetic,0.2902602867948189
"spc signal,",0.4694295188021516
calculating,0.32259221847642855
generated,0.015670408158631764
allowing,0.15754122143446322
returned value psr,0.5558295515289652
operand1 operand2 returned,0.5558295515289652
support high-level,0.47244702653415105
suffix-,0.5670100273355883
register access,0.4694295188021516
general addressing mode,0.5558295515289652
required,0.02805590148178003
binary value decimal,0.5558295515289652
2000,0.21451673262576415
implied,0.3144036233168908
semiconductor sales,0.4694295188021516
gndl,0.6615250383129491
gndb,0.688106892697985
requires,0.2815649143816295
code,0.13484400881465355
issued,0.3755034604017191
results,0.02805590148178003
illustrated,0.2382352910799912
011,0.3070786753424136
n/a none,0.47244702653415105
processor read cycle,0.5558295515289652
10101,0.29298415993542914
10100,0.29298415993542914
l double,0.4694295188021516
languages,0.2382352910799912
sfsr gen2 store,0.5558295515289652
stable,0.2788896445284447
indicating,0.20457301563921954
gen2 compare,0.4694295188021516
g5,0.5670100273355883
life support policy,0.5558295515289652
operand1 operand2 operand1 operand2,0.24452094230032004
continued,0.5474415088048106
entire,0.2717522710077906
"truncfi gen1,",0.4694295188021516
uen,0.7075952495062768
divf instruction,0.4676899602640544
cpu processor status register,0.24452094230032004
semiconductor national,0.6502545042460229
cpu instruction queue,0.2187659744243366
trap service,0.47244702653415105
lfsr read.d,0.4694295188021516
download,0.32299149084348444
leakage,0.4074445391709002
index,0.4183295468905891
"on-chip logic,",0.47244702653415105
formats,0.3410144929166686
semiconductor corporation europe,0.5558295515289652
gen2,1.0
expressed,0.2382352910799912
gen1,0.9635293074134185
access,0.3785016805566762
81-043-299-2408,0.29298415993542914
rst release,0.4694295188021516
body,0.38459657970244265
slave processor,0.6992905357148459
d0 d15 setup time,0.24452094230032004
figure2-6,0.6349431839270203
theq bit,0.4676899602640544
mnemonic class class,0.5558295515289652
b0.5v,0.5670100273355883
great,0.2611326551346681
38,0.2788896445284447
33,0.09686724467606443
32,0.2072533018496529
30,0.19376499060657393
35,0.3560139281344269
leaving,0.35371645679988845
products,0.29298415993542914
scaled,0.29298415993542914
volt,0.4183295468905891
resets,0.14795135792493547
operand2 returned,0.4694295188021516
use,0.287887327909183
clocking,0.38459657970244265
cmpf read.f,0.4694295188021516
illegal,0.2527837272169564
next,0.10407603012532272
bardin road,0.4694295188021516
disp1,0.6349431839270203
underflow trap enable,0.5558295515289652
popped,0.29298415993542914
ien,0.6462738758843928
occurred,0.3378632962611548
normalized,0.34459557951675124
column,0.4905568862902256
eb1.17549436,0.5670100273355883
meet,0.3319862358709123
cttl pin,0.4676899602640544
control,0.18258223354320444
0.8,0.1873658678772779
tdf,0.5670100273355883
deutsch tel:,0.4694295188021516
reserved,0.37438080791896633
sfsr gen2 store fsr,0.24452094230032004
e.g.,0.49541483737246167
calculation,0.4094568918961674
high,0.24239606155723986
pulling,0.2688894267016756
class class issued,0.5558295515289652
support device,0.5949847355810638
holds,0.1873658678772779
itss,0.5670100273355883
delay,0.26469752586454204
input/output,0.5995341085792564
instead,0.09686724467606443
specifications,0.3625047058755726
conversion instruction,0.47244702653415105
mode ex1,0.4694295188021516
register addressing mode,0.8883951392034766
bina,0.5670100273355883
cmpf read.f read.f,0.5558295515289652
allow,0.2571009736223137
national semiconductor sales,0.5558295515289652
ns32201 timing control unit,0.24452094230032004
valid before,0.4694295188021516
movf,0.6349431839270203
move,0.4477282878652188
interpreted,0.3070786753424136
produced,0.16779296270503616
pulses,0.33999226761255574
converting,0.45587239442998084
fpu,0.9463613129805248
"destination operand,",0.47244702653415105
tsh,0.5670100273355883
valid after clock,0.5558295515289652
cpu psr,0.4694295188021516
movf read.f,0.4694295188021516
defining,0.21451673262576415
tss,0.5670100273355883
pending,0.14795135792493547
greater,0.22948556153542193
outlined,0.2611326551346681
indexing,0.4183295468905891
e1.17549436,0.5670100273355883
operand designation,0.47244702653415105
transparent,0.38459657970244265
10110,0.29298415993542914
10111,0.29298415993542914
input signal,0.4694295188021516
01011,0.29298415993542914
3.5.2,0.33999226761255574
3.5.1,0.37637042833762796
magnitude,0.4801247941621416
trap,0.6415542871926094
lfsr gen1 load,0.5558295515289652
references,0.22563286246864867
identifies,0.2527837272169564
nationals,0.29298415993542914
n/a,0.7694651794784197
returned value,0.4694295188021516
static,0.3350938924693979
encodings,0.41016861060209875
programmer,0.4673140005238807
86,0.20457301563921954
spc output,0.6502545042460229
85,0.34108901912581613
vcc,0.663851538989619
instructioninterrupt table,0.4694295188021516
sp0,0.6615250383129491
performs,0.05773197842981784
divf,0.6615250383129491
electronics,0.2527837272169564
cause,0.47158050375431837
dc electrical,0.4694295188021516
gen1 load fsr,0.5558295515289652
scaled indexing,0.4694295188021516
completely,0.1873658678772779
see dc electrical,0.5558295515289652
data type,0.5744497490337447
processor write,0.41773659355439563
additional,0.1535021032461359
latches,0.2527837272169564
keep,0.12241590283622814
length,0.22249895528639096
r0r7,0.5670100273355883
ltd,0.4673140005238807
lto,0.5670100273355883
instruc,0.6349431839270203
processor control,0.4694295188021516
suffix,0.5355235785979559
swapped,0.29298415993542914
reaches,0.29298415993542914
"standard floating,",0.4694295188021516
d15 hold time,0.5558295515289652
s2.4v,0.5670100273355883
class class,0.4694295188021516
system,0.1726201208820944
final,0.1147941649429523
critical components,0.4694295188021516
2-2,0.3350938924693979
2-3,0.3350938924693979
2-1,0.34843658184144577
ogy,0.5670100273355883
2-5,0.2788896445284447
exactly,0.3799706081687269
rst,0.7249655639388026
"instruction field,",0.47244702653415105
completes,0.2382352910799912
"magnitude form,",0.47244702653415105
z bit,0.4676899602640544
f order,0.47244702653415105
ber,0.5670100273355883
providing,0.17880476349299368
twos,0.33999226761255574
1.0,0.3143007029365525
1.1,0.19376499060657393
cmpf set reference,0.5558295515289652
2.2,0.19376499060657393
"sustain life,",0.47244702653415105
gen2 store,0.4694295188021516
2.0,0.44087926888499007
min,0.5672736393614051
issuing,0.2611326551346681
grounding,0.36460995860035733
2.4,0.1304498221634387
cpu general purpose register,0.24452094230032004
disp/lmm,0.5670100273355883
unless,0.3158226510439213
asserts,0.27018796435227016
centre,0.5670100273355883
l n/a fto op.2,0.24452094230032004
"gen2 operands,",0.4694295188021516
eight,0.3319862358709123
clk pin,0.47244702653415105
definitions,0.3459873942698668
device,0.4074445391709002
class,0.4905568862902256
assembler syntax,0.4694295188021516
underflow condition,0.47244702653415105
ground reference,0.6149849572193354
write.i,0.6615250383129491
gen2 subtract gen1,0.5558295515289652
d n/a n/a,0.5558295515289652
clk f.e,0.5949847355810638
overflow,0.20634190937390856
l n/a,0.4694295188021516
nominally,0.29298415993542914
based,0.017870276650529194
national semiconductor national semiconductor,1.0
"roundfi gen1,",0.4694295188021516
purpose register,0.6502545042460229
clock low,0.4694295188021516
fto op.2,0.4694295188021516
exceptional,0.5116540636411535
class issued,0.4694295188021516
ones,0.3144036233168908
words,0.29974719284798074
127,0.17880476349299368
timing,0.41327325385773594
areas,0.22563286246864867
optimally,0.29298415993542914
contain,0.2400626641331995
cycles,0.3004524538948848
efield,0.5670100273355883
conversions,0.2382352910799912
europe,0.5577694492518407
multiplying,0.22563286246864867
ry pattern,0.47244702653415105
frame,0.44166464038042835
slave vector,0.4676899602640544
operates,0.2624552574119469
general purpose register,0.8674692278041285
absolute maximum,0.41773659355439563
psr l bit,0.2187659744243366
roundfi read.f write.i,0.5558295515289652
01000,0.29298415993542914
01001,0.29298415993542914
state,0.16568246767798003
progress,0.32299149084348444
neither,0.2382352910799912
email,0.4074445391709002
d double word,0.5558295515289652
program memory,0.3841421938551867
approval,0.4299970936350623
optional,0.14795135792493547
d0 d15 hold,0.5558295515289652
limits,0.21451673262576415
signal propagation delays,0.5558295515289652
equal,0.34108901912581613
protoeach,0.5670100273355883
cpu psr l,0.5558295515289652
functional description,0.5676731594189319
otherwise,0.3410261114915957
see section,0.4694295188021516
data bus,0.5568350898510739
movfl read.f write.l,0.5558295515289652
stack memory,0.6149849572193354
sequences,0.36460995860035733
respect,0.4299970936350623
oper9,0.5670100273355883
i.e.,0.5051597528597502
clk r.e,0.9107161113627813
addition,0.1776050386012823
responds,0.20457301563921954
slave processor read,0.5558295515289652
fpu operation,0.4676899602640544
decimal value zero,0.2187659744243366
corresponding,0.3048352290817591
divf read.f rmw.f,0.5558295515289652
al,0.516409432187929
f e,0.42441623988361665
f f,0.7479043144365086
last,0.1873658678772779
instruction queue,0.47244702653415105
invalid operation,0.5861218450887665
value,0.4614551953808966
thus,0.28883840216549117
on-chip logic,0.5949847355810638
hardware,0.43535971576669574
negf read.f write.f,0.5558295515289652
gen2 subtract,0.4694295188021516
"e byte,",0.47244702653415105
mode control,0.5811325455923008
format op instruction descriptionsuffixf,0.24452094230032004
units,0.42679157580100496
rst pulse,0.4694295188021516
invalid operation trap,0.2187659744243366
infinity,0.43559558357053174
complemented,0.2788896445284447
1-3,0.33095237529578525
1-2,0.32259221847642855
upon,0.5497485712976965
effect,0.2955417702096581
iol,0.5297149787524967
ioh,0.5297149787524967
setup time,0.37363957259068864
read cycle,0.5645296874251096
records,0.33999226761255574
well,0.20038868926059872
patterns,0.2382352910799912
valid after,0.4694295188021516
less,0.22948556153542193
obtain,0.32299149084348444
clocks,0.1304498221634387
voltage,0.5081971082019836
ns32201,0.5670100273355883
efield f field represented,0.24452094230032004
c10308,0.6349431839270203
2322,0.2688894267016756
on-chip,0.6589009119309631
supply,0.3004524538948848
unsigned,0.1873658678772779
life support devices,0.5558295515289652
roundfi read.f,0.4694295188021516
identical,0.29298415993542914
dest,0.5577694492518407
d15 setup time,0.5558295515289652
immediately,0.2744027520080285
d15 hold,0.4694295188021516
sizes,0.28883840216549117
absf,0.6349431839270203
sequence,0.36393976261502553
lfsr,0.7075952495062768
operand issued,0.4694295188021516
01010,0.29298415993542914
111,0.2744027520080285
110,0.26621415684849076
proper,0.13894306584933475
integer instruction,0.47244702653415105
movfl instruction f,0.2187659744243366
operand1 operand2,0.588431290596318
"register relative above,",0.5558295515289652
mode,0.5628402325509014
noise,0.4074445391709002
operand1 operand2 returned value,0.24452094230032004
least positive,0.4694295188021516
"require additional,",0.47244702653415105
although,0.1075443704520999
actual,0.07648334677968982
extension,0.4265652039128208
life failure,0.47244702653415105
tpwr,0.5670100273355883
general instruction format,0.8674692278041285
write.i f,0.6532896179921273
software,0.38628710671365657
functional,0.4913560343262869
floating-,0.5577694492518407
result trap enable,0.5558295515289652
status fields,0.6502545042460229
sheet,0.4265652039128208
format op instruction,1.0
extension software,0.47244702653415105
west bardin road fax:,0.24452094230032004
01101,0.29298415993542914
01100,0.29298415993542914
transfer,0.4972997563168471
svcc,0.5577694492518407
theqbit,0.5670100273355883
ed,0.3459873942698668
implied bit,0.4694295188021516
function,0.15339161566740425
general instruction protocol,0.5558295515289652
bus,0.3605238499205552
fsr mode,0.6149849572193354
europe hong,0.4694295188021516
made,0.31975416302236753
input active,0.4694295188021516
whether,0.08645366175272444
signed,0.16779296270503616
record,0.4074445391709002
"d8 d15,",0.4694295188021516
display,0.31421371150728983
field represented value,0.5558295515289652
pin,0.3716975219698707
sion,0.5670100273355883
d0d15 floating,0.4694295188021516
trailing,0.2688894267016756
80,0.15754122143446322
binary value decimal value,0.24452094230032004
functions,0.1809538488505206
corporation,0.3319862358709123
45,0.2375189459231243
42,0.26621415684849076
virtual,0.21451673262576415
decimal value,0.41773659355439563
compares,0.20457301563921954
details,0.21437701680316448
vector value,0.47244702653415105
operand2 returned value psr,0.24452094230032004
byte address,0.3841421938551867
vcc reaches,0.4694295188021516
slave processor instruction,0.2187659744243366
operand2 operand1,0.4694295188021516
cant bit,0.47244702653415105
"slave operand,",0.4694295188021516
rule,0.3605238499205552
portion,0.3716975219698707
