approximate relationship,0.4722495609709204
virtual machine,0.585593494632712
dynamic,0.3044015475422207
resistance,0.4410020172054223
existing,0.24271932510466968
time exception,0.4768735005700995
"thermal resistance,",0.46819818244227557
rousset,0.6781046388395997
-chip,0.6032796915658519
life support,0.4768735005700995
atmel colorado springs,0.6509587462940949
zone,0.4531430059462624
pi/o,0.7231254596566076
datum surface,0.4768735005700995
group c,0.46819818244227557
program,0.46276581028077224
atmel nantes la chantrerie,0.21995094791960196
tc,0.7231254596566076
fadd.b,0.6032796915658519
fax,0.7336851876846374
enterprise technology park maxwell,0.21995094791960196
string,0.3731440014724987
heilbronn theresienstrasse,0.46819818244227557
"device pair,",0.4768735005700995
"function code,",0.4768735005700995
pint =icc,0.4768735005700995
maxwell building east kilbride,0.21995094791960196
instruction-by-instruction basis,0.4768735005700995
atmel corporate,0.585593494632712
bus master,0.35772176465147076
"register direct,",0.4768735005700995
-5,0.47141152187861046
perceives,0.3030063203266729
set byte,0.46819818244227557
ordered greater,0.6492096483319426
inspection,0.5918692202234285
fsave,0.7530364668690165
located,0.2501603338817338
273,0.2891482038734591
value,0.2803649364012154
licenses,0.2891482038734591
theresienstrasse,0.6032796915658519
port,0.15193350366464228
errors,0.3631216594778226
virtual machine state,0.6509587462940949
appear,0.4542952248719773
tj =ta,0.46819818244227557
bus size,0.46819818244227557
pipes,0.3030063203266729
smart card,0.46819818244227557
.fp6,0.6032796915658519
access,0.4977702903476366
appropriate edge,0.4768735005700995
1355-242-743,0.3030063203266729
sequential,0.2805924718208056
fdbcc decrement,0.46819818244227557
sup,0.4531430059462624
ts68882 fmove.x fpm.fpn move,0.21995094791960196
chantrerie,0.6032796915658519
method,0.40700499767425213
colorado springs,0.585593494632712
sinks,0.3030063203266729
5005,0.3030063203266729
co-processor,0.9142868324017853
"instruction information,",0.4768735005700995
commercial,0.3999648307547951
4-76-58-30-00,0.3030063203266729
exceptions,0.3574548221040922
ts68882 co-processor interface,0.20756921693409974
atmel colorado,0.585593494632712
address,0.38358585036613624
ts68000 family co-processor,1.0
equations,0.36215802269962644
change,0.177129314048356
address space,0.489887057699778
digits,0.31686443677988674
sign bit,0.1891960566595524
expressly,0.32406652774271794
base,0.43358592044485156
throughput,0.31604101550370794
technology park,0.46819818244227557
cs signal,0.4722495609709204
"inspection purpose,",0.4768735005700995
makes,0.16971347962826608
delay specification,0.4768735005700995
patents,0.18281819969700336
= package,0.4768735005700995
technology park maxwell,0.5059199190342676
regardless,0.4531430059462624
marked,0.20135803535485694
68882-33,0.3030063203266729
names,0.1252728461017772
decimal string,0.6492096483319426
total,0.1575132771222902
select,0.41165262875653336
readily,0.279315713772319
s datum,0.4722495609709204
two,0.02744253514094414
france,0.7006150492485494
smart card ics,0.5059199190342676
memory,0.3587028831268028
smart card ics scottish,0.21995094791960196
permanently,0.2891482038734591
iteratively,0.3030063203266729
type,0.3498427372141756
separated,0.279315713772319
= power,0.4768735005700995
la chantrerie bp,0.5059199190342676
company,0.4847220561123862
concurrent instruction,0.4768735005700995
fscc set byte,0.5059199190342676
particular,0.16971347962826608
known,0.3045761134046459
96,0.2891482038734591
hi-rel product,0.5832676998147193
indicates,0.38573442677604564
printing,0.27168904193838395
following,0.11956304617955932
bus configuration,0.4768735005700995
parkway,0.5637003546428205
atmel heilbronn,0.46819818244227557
interface protocol,0.6023651507282062
an5i y14,0.46819818244227557
chip,0.4244732987906123
neglected,0.3800385755553822
real data,0.585593494632712
known ta.using,0.4768735005700995
reserves,0.1252728461017772
performed,0.3574548221040922
information hi-rel,0.4768735005700995
blvd,0.5290716071974909
user software,0.6280704057076378
"bus errors,",0.4768735005700995
germany tel,0.46819818244227557
information,0.47504368361076516
requirements,0.3254617549591572
goal,0.38358585036613624
japd,0.6032796915658519
provide,0.1228014390769438
discussion,0.4410020172054223
fpn,0.7006150492485494
utilize,0.5438323407592782
write,0.392910029861048
thecpu andcoprocessor,0.4722495609709204
"method number,",0.4768735005700995
co-processor detection,0.4768735005700995
atmel,0.6032796915658519
pint,0.5637003546428205
inputs,0.057052231992258645
chip-junction,0.6032796915658519
influenced,0.279315713772319
specifications,0.3407266994639322
hold time,0.5606140339866263
minimized,0.2568256985187531
execution time,0.5606140339866263
applications,0.01354090844353565
ac electrical,0.7044597328915777
s datum surface,0.20756921693409974
rousset zone,0.46819818244227557
fits,0.279315713772319
exception processing,0.43559155867755556
atmel smart card ics,0.21995094791960196
ts68000 family co-processorco-processor,0.5059199190342676
orchard,0.5637003546428205
whenever,0.2824999450765234
sp,0.5368971598884361
headquarters,0.3321177804486483
fp5,0.6032796915658519
dsack assertions,0.46819818244227557
123,0.27168904193838395
responsibility,0.31604101550370794
temp,0.4531430059462624
fp3,0.6781046388395997
atmel grenoble avenue,0.5059199190342676
ts68000 family addressing,0.20756921693409974
"status information,",0.4768735005700995
order,0.3914541639785791
words,0.30965592089534366
office,0.4244732987906123
ts68020/ts68030 fetch,0.4768735005700995
576-3300,0.3800385755553822
thermal,0.4262591341773818
paper,0.4244732987906123
avenue,0.4410020172054223
"operand data,",0.4768735005700995
utilizes,0.3030063203266729
group,0.4997942729965728
acknowledge,0.3266356648051436
solving,0.27168904193838395
production,0.3720656490483953
nan condition code,0.20756921693409974
status register,0.5648500888475335
main,0.6795053758643197
"maximum limits,",0.4768735005700995
good,0.2100798975484752
junction,0.5290716071974909
chantrerie bp,0.46819818244227557
95131,0.4267856600379831
pins,0.19339559901331396
markings,0.279315713772319
ts68882mf20,0.6032796915658519
ts68882mf25,0.6032796915658519
maintaining,0.27168904193838395
scotland tel,0.46819818244227557
processor access,0.4768735005700995
input signal,0.6455263844747048
hereafter,0.4244732987906123
decimal,0.27668531463579304
identified,0.20135803535485694
rochepleine,0.6032796915658519
"ts68020/ts68030 instructions,",0.4768735005700995
france tel,0.6492096483319426
identifier,0.3968614292040404
jose,0.6772727016983836
subset,0.35886875159206677
"bus masters,",0.4768735005700995
enterprise technology,0.46819818244227557
significantly,0.23049982864078553
ea,0.5930610405635265
product,0.18501895035566146
related,0.3254617549591572
web site,0.46819818244227557
static,0.3842756513863886
logo,0.4244732987906123
programmer,0.5968062367647161
east kilbride,0.46819818244227557
address evaluation,0.4768735005700995
atmel rousset,0.46819818244227557
semiconductor,0.4771840903868722
contained,0.4458933410959869
operand address,0.46819818244227557
atmel grenoble,0.46819818244227557
verify conformance,0.4768735005700995
arbitration function,0.4768735005700995
barrier,0.4531430059462624
tables,0.20135803535485694
use software,0.35772176465147076
2-40-18-19-60,0.3030063203266729
standard,0.6446815571566258
748-2,0.3030063203266729
emulation,0.5177603474029169
trademarks,0.27668531463579304
maxwell building east,0.5059199190342676
heat,0.5290716071974909
card,0.38358585036613624
input capacitance,0.41830750821222096
advance,0.38358585036613624
watts,0.2891482038734591
language,0.5058203808455578
perform address,0.4768735005700995
"address errors,",0.4768735005700995
fp0-fp3/fp7,0.6032796915658519
speeds,0.20135803535485694
features,0.10197998743245767
number,0.4435345362495738
processor interface,0.3953932123155048
540-1759,0.3800385755553822
long,0.27308426915393175
periodical,0.3030063203266729
quality,0.5177603474029169
arbitration,0.35886875159206677
given,0.2801584505945979
management,0.5049356083806922
temperature,0.550451031843252
service,0.27208063453774983
"precision format,",0.43559155867755556
europe,0.5928558305382772
system,0.5597811072733998
approximately,0.20135803535485694
"rise time,",0.4768735005700995
cooling,0.2891482038734591
gives,0.08026359147171698
relationship,0.3968614292040404
"include immediate,",0.4768735005700995
"ts68000 family,",0.46819818244227557
park,0.41165262875653336
environmental,0.279315713772319
68882-20,0.3030063203266729
68882-25,0.3030063203266729
program flow,0.3181689383105986
representing,0.24271932510466968
relevant specification:,0.4768735005700995
"ambient temperature,",0.46819818244227557
17,0.30903633994870605
accordance,0.4771840903868722
require,0.35024571889075307
instruction,0.756067323034196
fbcc branch,0.46819818244227557
input setup,0.5832676998147193
co-processorco-processor interface,0.4768735005700995
cards,0.3030063203266729
enables,0.2805924718208056
atmel smart,0.46819818244227557
san,0.6772727016983836
fscc set,0.46819818244227557
decode co-processor,0.4768735005700995
manner,0.5058203808455578
contents,0.14610074985182883
datasheet,0.5244523756276027
documents,0.24271932510466968
fnop no operation,0.5059199190342676
inspections,0.3030063203266729
depending,0.2891482038734591
asserts,0.2805924718208056
scotland,0.6032796915658519
industrielle,0.6032796915658519
milstd-883,0.6032796915658519
ts68000 family,1.0
performance,0.4184455453938298
13106,0.3030063203266729
accuracy,0.27208063453774983
fundamental,0.24271932510466968
programmers,0.4361646094512953
semiconductor junction,0.5832676998147193
serviced,0.279315713772319
simplify,0.3720656490483953
address register,0.5732432929918685
germany,0.6032796915658519
printed,0.4244732987906123
junction temperature,0.4768735005700995
park maxwell,0.46819818244227557
class,0.35886875159206677
-user,0.5928558305382772
calculated,0.1575132771222902
request,0.47045156434306873
sale,0.4410020172054223
"colorado springs,",0.585593494632712
upper address,0.35772176465147076
"memory management,",0.4768735005700995
register selection,0.43559155867755556
cheyenne,0.6781046388395997
cannot,0.11571198808535677
ts68882 fmove.x,0.46819818244227557
speed converters/rf datacom,0.5059199190342676
bsun bit,0.6434061476203895
subsequent instruction,0.4768735005700995
bigint.fp7,0.6032796915658519
non-dma type,0.4768735005700995
thecpu andcoprocessor appear,0.20756921693409974
availability,0.3968614292040404
ts68882 ts68882,0.585593494632712
completion,0.29359192179012183
based,0.23492650936703016
71-31-67-0,0.3030063203266729
asic/assp/smart,0.6032796915658519
assertion,0.5331770733628206
transcendental,0.279315713772319
iec,0.6032796915658519
data bus size configuration,0.21995094791960196
virtual machine state save,0.21995094791960196
equilibrium,0.4531430059462624
legible,0.3030063203266729
cheyenne mtn,0.585593494632712
execution model,0.5832676998147193
4-42-53-60-01,0.3030063203266729
4-42-53-60-00,0.3030063203266729
virtual machine state restore,0.21995094791960196
"co-processor interface,",0.5832676998147193
closely,0.3412455379402337
timing,0.41165262875653336
condition code,0.3953932123155048
code bit,0.4768735005700995
summary,0.4771840903868722
contain,0.22300653283699629
"hold times,",0.43559155867755556
implication,0.4244732987906123
space function,0.4768735005700995
register exception,0.5832676998147193
caches,0.27168904193838395
enhances,0.2568256985187531
reference,0.19074405153429955
peripheral,0.48888712056513467
size configuration,0.46819818244227557
nan condition,0.4722495609709204
time specification,0.5832676998147193
atmel part-number,0.6492096483319426
detection,0.24367271200533655
individual,0.10568875909945318
result,0.3210859045318509
optimum,0.4244732987906123
ts68882mf33,0.6032796915658519
packed,0.48785847428409024
frequency mhz,0.585593494632712
park maxwell building,0.5059199190342676
38521,0.3030063203266729
placed,0.3543576273697684
outside,0.36450962299783934
determined,0.4531430059462624
identification,0.41165262875653336
70602,0.3030063203266729
conditions,0.43733840069773244
available,0.20135803535485694
source code,0.15909159428862227
notice,0.24367271200533655
terms,0.36450962299783934
instruction execution,0.6492792472743386
atmel rousset zone industrielle,0.21995094791960196
non-dma,0.6032796915658519
"atmel products,",0.46819818244227557
"processor read,",0.4768735005700995
jc,0.7699869834355781
"language code,",0.4768735005700995
sacrificing,0.3030063203266729
downloaded,0.27168904193838395
kilbride,0.6032796915658519
country,0.4531430059462624
la,0.4531430059462624
park maxwell building east,0.21995094791960196
"ts68020/ts68030 designs,",0.4768735005700995
format summary,0.6492096483319426
"rousset cedex,",0.46819818244227557
functional description,0.4868960057831307
coprocessor,0.6217321436165095
load,0.5473610647795653
esd,0.5928558305382772
relevant,0.4542952248719773
co,0.4997942729965728
point,0.14676715970331755
data bus,0.1976638321458763
others,0.20135803535485694
assertions,0.2891482038734591
path,0.2529647308445078
respect,0.3266356648051436
ensures,0.24271932510466968
mpu/,0.6032796915658519
described,0.28775710868650134
basis,0.4542952248719773
acceptance,0.4531430059462624
bus size configuration,0.5059199190342676
pd,0.6577186057042086
main processor,0.9108515369050975
systems,0.21972146889145983
71-31-67-2340,0.3030063203266729
obtained,0.27668531463579304
direction,0.31604101550370794
ts68000 co-processor,0.46819818244227557
sales,0.279315713772319
granted,0.24271932510466968
ts68000 bus,0.6434061476203895
microcircuits,0.3800385755553822
maxwell building,0.46819818244227557
air,0.2891482038734591
g75,0.6032796915658519
33,0.5058114084779854
precision real,0.2848858442661704
reassembling,0.3030063203266729
formats,0.4417433967075471
property,0.29359192179012183
real,0.25867445412409823
characteristics,0.40472843244640283
ts68020 /ts68030,0.46819818244227557
site,0.18281819969700336
surface,0.5637003546428205
68882-16,0.3030063203266729
3535,0.3030063203266729
ambient,0.5520783115570217
convection,0.4531430059462624
technology,0.35886875159206677
technology park maxwell building,0.21995094791960196
different,0.1228014390769438
positional tolerance,0.4722495609709204
ts68882 fmove.x fpm.fpn,0.5059199190342676
east cheyenne,0.585593494632712
make,0.0
pd =k:,0.46819818244227557
4-76-58-34-80,0.3030063203266729
dc operation,0.4722495609709204
extended,0.559306207830691
cpu address space,0.7028384563506218
ts68020/ts68030 whenever,0.4768735005700995
conditional test,0.6434061476203895
"input and,",0.43559155867755556
select timing,0.4768735005700995
1150,0.3800385755553822
uses,0.002101319477344783
purpose,0.20426054793400464
setup time,0.4768735005700995
"heat sinks,",0.4768735005700995
cycle,0.4516175868830865
lower,0.03569985112213795
transaction,0.3720656490483953
atmel corporation,0.585593494632712
modes,0.3848459352245114
la chantrerie,0.46819818244227557
desc/mil-std-883,0.6781046388395997
"optimum performance,",0.4768735005700995
16.67,0.7013447610149794
atmel smart card,0.5059199190342676
optional ftrapcc,0.46819818244227557
contact,0.336384778616288
+pi/o pint,0.4768735005700995
sets,0.09267338020560664
corporate,0.41109648066868504
"output delays,",0.4768735005700995
meet,0.336384778616288
reside,0.41165262875653336
"bus configuration,",0.4768735005700995
/ts68030,0.6032796915658519
xvcc,0.6032796915658519
atmel nantes la,0.5059199190342676
recycled,0.3030063203266729
ts68000 co-processor interface,0.20756921693409974
speed,0.27208063453774983
datacom,0.6032796915658519
web,0.31604101550370794
overlapped,0.4410020172054223
co-processor communication,0.4768735005700995
compiler writer,0.4768735005700995
on-chip,0.6032796915658519
2325,0.4267856600379831
"san jose,",0.591448553427186
2-40-18-18-18,0.3030063203266729
d2.fp3,0.6032796915658519
signals,0.3164125270114851
fortran,0.5928558305382772
east cheyenne mtn,0.6509587462940949
d16 -d31,0.46819818244227557
east,0.579681925469935
ca,0.6040565149760304
smart,0.4410020172054223
heat flow,0.4768735005700995
atmel nantes,0.46819818244227557
internal power,0.46819818244227557
"bus transfers,",0.4768735005700995
co-processor instruction,0.4768735005700995
format,0.5345450487927083
possible,0.27308426915393175
"address bus,",0.3953932123155048
ordered greater than,0.6509587462940949
cpu address,0.6434061476203895
variants,0.27168904193838395
atmel headquarters,0.46819818244227557
serves,0.19339559901331396
communications,0.44413481632216534
mhz,0.6781046388395997
either,0.3029774515403361
ambient air,0.4768735005700995
output,0.4342610431991829
kilbride g75,0.46819818244227557
thermal characteristics,0.585593494632712
pertaining,0.3030063203266729
right,0.25108004303020875
methods,0.1575132771222902
microcircuit,0.4531430059462624
springs,0.46061298078935775
class b,0.46819818244227557
tj,0.7456358700655574
provided,0.11336979757922155
software emulation,0.5732432929918685
separate,0.2729894609918961
system simultaneously:,0.4768735005700995
legal,0.27168904193838395
relinking,0.3030063203266729
critical,0.24271932510466968
state save,0.46819818244227557
system performance,0.35772176465147076
refer,0.4970072771888641
measuring,0.2891482038734591
441-0311,0.4267856600379831
ordered less,0.585593494632712
rousset zone industrielle,0.5059199190342676
ordered less than,0.6509587462940949
processing,0.37560164345302266
communicate,0.31604101550370794
bp,0.6781046388395997
d inspection,0.4722495609709204
substitution,0.4531430059462624
manufacturing,0.3030063203266729
language compiler,0.4768735005700995
ts68020/ts68030 single-step,0.4768735005700995
data format,0.755257828840267
data bus size,0.5059199190342676
duplicate main,0.4768735005700995
fscc set byte according,0.21995094791960196
"chip-junction temperature,",0.4768735005700995
ac specifications,0.46819818244227557
orthogonally,0.3030063203266729
automatically,0.2267641960843496
warranty,0.4705351334014607
74025,0.3030063203266729
colorado,0.7231254596566076
heilbronn,0.6781046388395997
maxwell,0.4531430059462624
commitment,0.4531430059462624
intellectual,0.27168904193838395
atmel heilbronn theresienstrasse,0.5059199190342676
80906,0.3800385755553822
minimum and/or,0.4768735005700995
support,0.3045761134046459
approximate,0.4531430059462624
specifically,0.3103493530180805
decode,0.5226207227688896
class b identification,0.5059199190342676
authorized,0.3030063203266729
lot,0.4705351334014607
assumes,0.14610074985182883
44306,0.3030063203266729
inter-processor,0.5928558305382772
manufacturers,0.3030063203266729
bus,0.3720656490483953
registered,0.08026359147171698
output delay,0.3953932123155048
vin=0tamb =25c,0.4768735005700995
delivery,0.4847220561123862
taken,0.13538032834934777
cedex,0.7006150492485494
ts68000 style,0.4722495609709204
1355-803-000,0.3030063203266729
east kilbride g75,0.5059199190342676
consist,0.4933819034854604
versions,0.03569985112213795
whether,0.30032813309499246
type co-processor,0.4768735005700995
devices,0.40472843244640283
bcd,0.7530364668690165
mtn,0.6781046388395997
fnop no,0.46819818244227557
detailed,0.3044015475422207
function code,0.43559155867755556
constant,0.48712567307410576
flow,0.3986013023854449
life,0.41165262875653336
ts68882 co-processor,0.46819818244227557
state restore,0.46819818244227557
acknowledge acceptance,0.4768735005700995
range tc,0.6492096483319426
defines,0.03569985112213795
2002,0.24271932510466968
marking,0.3800385755553822
49,0.2989300968942807
speed converters/rf,0.46819818244227557
corporation,0.45920709439250806
44,0.2938643248333089
bus transaction,0.4768735005700995
virtual,0.3959338271608797
esd identifier,0.46819818244227557
valid,0.4267529768394176
details,0.21958599841534543
byte according,0.46819818244227557
generate execution,0.4768735005700995
conformance inspection,0.5832676998147193
set byte according,0.5059199190342676
enterprise technology park,0.5059199190342676
command word,0.4768735005700995
enterprise,0.4410020172054223
update,0.3266356648051436
rochepleine bp,0.46819818244227557
concurrent,0.5710349022316509
mechanical,0.2100798975484752
dissipation,0.5520783115570217
13,0.2794757690677801
building,0.20135803535485694
nonconcurrent instruction,0.4768735005700995
436-4314,0.3800385755553822
exception handler,0.35772176465147076
bcd string,0.4722495609709204
biometrics/imaging/hi-rel mpu/,0.4768735005700995
atmel rousset zone,0.5059199190342676
"fpn or,",0.46819818244227557
strings,0.4262591341773818
bus arbitration,0.4768735005700995
